"utility","income","housing","date","num_hh"
"Electric","Low-income","Confirmed Occupied","2020-08-01",14
"Electric","Low-income","Confirmed Occupied","2020-09-01",16
"Electric","Low-income","Confirmed Occupied","2020-10-01",16
"Electric","Low-income","Confirmed Occupied","2020-11-01",11
"Electric","Low-income","Confirmed Occupied","2020-12-01",10
"Electric","Low-income","Confirmed Occupied","2021-01-01",9
"Electric","Low-income","Confirmed Occupied","2021-02-01",0
"Electric","Low-income","Confirmed Occupied","2021-03-01",7
"Electric","Low-income","Confirmed Occupied","2021-04-01",6
"Electric","Low-income","Confirmed Occupied","2021-05-01",5
"Electric","Low-income","Confirmed Occupied","2021-06-01",3
"Electric","Low-income","Confirmed Occupied","2021-07-01",1
"Electric","Low-income","Confirmed Occupied","2021-08-01",0
"Electric","Low-income","Confirmed Occupied","2021-09-01",0
"Electric","Low-income","Confirmed Occupied","2021-10-01",0
"Electric","Low-income","Confirmed Occupied","2021-11-01",0
"Electric","Low-income","Confirmed Occupied","2021-12-01",0
"Electric","Low-income","Confirmed Occupied","2022-01-01",0
"Electric","Low-income","Confirmed Occupied","2022-02-01",0
"Electric","Low-income","Confirmed Occupied","2022-03-01",0
"Electric","Low-income","Confirmed Occupied","2022-04-01",1
"Electric","Low-income","Confirmed Occupied","2022-05-01",0
"Electric","Low-income","Confirmed Occupied","2022-06-01",0
"Electric","Low-income","Confirmed Occupied","2022-07-01",0
"Electric","Low-income","Confirmed Occupied","2022-08-01",0
"Electric","Low-income","Confirmed Occupied","2022-09-01",0
"Electric","Low-income","Confirmed Occupied","2022-10-01",1
"Electric","Low-income","Confirmed Occupied","2022-11-01",1
"Electric","Low-income","Confirmed Occupied","2022-12-01",1
"Electric","Low-income","Confirmed Occupied","2023-01-01",1
"Electric","Low-income","Confirmed Occupied","2023-02-01",1
"Electric","Low-income","Confirmed Occupied","2023-03-01",1
"Electric","Low-income","Confirmed Occupied","2023-04-01",1
"Electric","Low-income","Confirmed Occupied","2023-05-01",1
"Electric","Low-income","Confirmed Occupied","2023-06-01",1
"Electric","Low-income","Confirmed Occupied","2023-07-01",1
"Electric","Low-income","Confirmed Occupied","2023-08-01",1
"Electric","Low-income","Confirmed Occupied","2023-09-01",0
"Electric","Low-income","Confirmed Occupied","2023-10-01",0
"Electric","Low-income","Confirmed Occupied","2023-11-01",0
"Electric","Low-income","Confirmed Occupied","2023-12-01",NA
"Electric","Low-income","Unconfirmed Occupied","2020-08-01",231
"Electric","Low-income","Unconfirmed Occupied","2020-09-01",210
"Electric","Low-income","Unconfirmed Occupied","2020-10-01",215
"Electric","Low-income","Unconfirmed Occupied","2020-11-01",212
"Electric","Low-income","Unconfirmed Occupied","2020-12-01",206
"Electric","Low-income","Unconfirmed Occupied","2021-01-01",483
"Electric","Low-income","Unconfirmed Occupied","2021-02-01",337
"Electric","Low-income","Unconfirmed Occupied","2021-03-01",629
"Electric","Low-income","Unconfirmed Occupied","2021-04-01",674
"Electric","Low-income","Unconfirmed Occupied","2021-05-01",706
"Electric","Low-income","Unconfirmed Occupied","2021-06-01",477
"Electric","Low-income","Unconfirmed Occupied","2021-07-01",249
"Electric","Low-income","Unconfirmed Occupied","2021-08-01",194
"Electric","Low-income","Unconfirmed Occupied","2021-09-01",174
"Electric","Low-income","Unconfirmed Occupied","2021-10-01",157
"Electric","Low-income","Unconfirmed Occupied","2021-11-01",142
"Electric","Low-income","Unconfirmed Occupied","2021-12-01",140
"Electric","Low-income","Unconfirmed Occupied","2022-01-01",131
"Electric","Low-income","Unconfirmed Occupied","2022-02-01",117
"Electric","Low-income","Unconfirmed Occupied","2022-03-01",112
"Electric","Low-income","Unconfirmed Occupied","2022-04-01",228
"Electric","Low-income","Unconfirmed Occupied","2022-05-01",145
"Electric","Low-income","Unconfirmed Occupied","2022-06-01",150
"Electric","Low-income","Unconfirmed Occupied","2022-07-01",180
"Electric","Low-income","Unconfirmed Occupied","2022-08-01",191
"Electric","Low-income","Unconfirmed Occupied","2022-09-01",180
"Electric","Low-income","Unconfirmed Occupied","2022-10-01",179
"Electric","Low-income","Unconfirmed Occupied","2022-11-01",396
"Electric","Low-income","Unconfirmed Occupied","2022-12-01",270
"Electric","Low-income","Unconfirmed Occupied","2023-01-01",237
"Electric","Low-income","Unconfirmed Occupied","2023-02-01",208
"Electric","Low-income","Unconfirmed Occupied","2023-03-01",212
"Electric","Low-income","Unconfirmed Occupied","2023-04-01",228
"Electric","Low-income","Unconfirmed Occupied","2023-05-01",219
"Electric","Low-income","Unconfirmed Occupied","2023-06-01",235
"Electric","Low-income","Unconfirmed Occupied","2023-07-01",219
"Electric","Low-income","Unconfirmed Occupied","2023-08-01",253
"Electric","Low-income","Unconfirmed Occupied","2023-09-01",206
"Electric","Low-income","Unconfirmed Occupied","2023-10-01",197
"Electric","Low-income","Unconfirmed Occupied","2023-11-01",201
"Electric","Low-income","Unconfirmed Occupied","2023-12-01",NA
"Electric","Non-Low-income","Confirmed Occupied","2020-08-01",53
"Electric","Non-Low-income","Confirmed Occupied","2020-09-01",50
"Electric","Non-Low-income","Confirmed Occupied","2020-10-01",45
"Electric","Non-Low-income","Confirmed Occupied","2020-11-01",40
"Electric","Non-Low-income","Confirmed Occupied","2020-12-01",38
"Electric","Non-Low-income","Confirmed Occupied","2021-01-01",37
"Electric","Non-Low-income","Confirmed Occupied","2021-02-01",41
"Electric","Non-Low-income","Confirmed Occupied","2021-03-01",35
"Electric","Non-Low-income","Confirmed Occupied","2021-04-01",34
"Electric","Non-Low-income","Confirmed Occupied","2021-05-01",34
"Electric","Non-Low-income","Confirmed Occupied","2021-06-01",36
"Electric","Non-Low-income","Confirmed Occupied","2021-07-01",7
"Electric","Non-Low-income","Confirmed Occupied","2021-08-01",7
"Electric","Non-Low-income","Confirmed Occupied","2021-09-01",7
"Electric","Non-Low-income","Confirmed Occupied","2021-10-01",7
"Electric","Non-Low-income","Confirmed Occupied","2021-11-01",7
"Electric","Non-Low-income","Confirmed Occupied","2021-12-01",7
"Electric","Non-Low-income","Confirmed Occupied","2022-01-01",7
"Electric","Non-Low-income","Confirmed Occupied","2022-02-01",7
"Electric","Non-Low-income","Confirmed Occupied","2022-03-01",7
"Electric","Non-Low-income","Confirmed Occupied","2022-04-01",5
"Electric","Non-Low-income","Confirmed Occupied","2022-05-01",7
"Electric","Non-Low-income","Confirmed Occupied","2022-06-01",7
"Electric","Non-Low-income","Confirmed Occupied","2022-07-01",7
"Electric","Non-Low-income","Confirmed Occupied","2022-08-01",7
"Electric","Non-Low-income","Confirmed Occupied","2022-09-01",7
"Electric","Non-Low-income","Confirmed Occupied","2022-10-01",6
"Electric","Non-Low-income","Confirmed Occupied","2022-11-01",5
"Electric","Non-Low-income","Confirmed Occupied","2022-12-01",5
"Electric","Non-Low-income","Confirmed Occupied","2023-01-01",5
"Electric","Non-Low-income","Confirmed Occupied","2023-02-01",5
"Electric","Non-Low-income","Confirmed Occupied","2023-03-01",5
"Electric","Non-Low-income","Confirmed Occupied","2023-04-01",5
"Electric","Non-Low-income","Confirmed Occupied","2023-05-01",5
"Electric","Non-Low-income","Confirmed Occupied","2023-06-01",5
"Electric","Non-Low-income","Confirmed Occupied","2023-07-01",5
"Electric","Non-Low-income","Confirmed Occupied","2023-08-01",3
"Electric","Non-Low-income","Confirmed Occupied","2023-09-01",5
"Electric","Non-Low-income","Confirmed Occupied","2023-10-01",5
"Electric","Non-Low-income","Confirmed Occupied","2023-11-01",5
"Electric","Non-Low-income","Confirmed Occupied","2023-12-01",NA
"Electric","Non-Low-income","Unconfirmed Occupied","2020-08-01",1060
"Electric","Non-Low-income","Unconfirmed Occupied","2020-09-01",932
"Electric","Non-Low-income","Unconfirmed Occupied","2020-10-01",887
"Electric","Non-Low-income","Unconfirmed Occupied","2020-11-01",834
"Electric","Non-Low-income","Unconfirmed Occupied","2020-12-01",814
"Electric","Non-Low-income","Unconfirmed Occupied","2021-01-01",1234
"Electric","Non-Low-income","Unconfirmed Occupied","2021-02-01",2429
"Electric","Non-Low-income","Unconfirmed Occupied","2021-03-01",2416
"Electric","Non-Low-income","Unconfirmed Occupied","2021-04-01",2384
"Electric","Non-Low-income","Unconfirmed Occupied","2021-05-01",2807
"Electric","Non-Low-income","Unconfirmed Occupied","2021-06-01",2614
"Electric","Non-Low-income","Unconfirmed Occupied","2021-07-01",1628
"Electric","Non-Low-income","Unconfirmed Occupied","2021-08-01",1486
"Electric","Non-Low-income","Unconfirmed Occupied","2021-09-01",1400
"Electric","Non-Low-income","Unconfirmed Occupied","2021-10-01",1289
"Electric","Non-Low-income","Unconfirmed Occupied","2021-11-01",1253
"Electric","Non-Low-income","Unconfirmed Occupied","2021-12-01",1258
"Electric","Non-Low-income","Unconfirmed Occupied","2022-01-01",1222
"Electric","Non-Low-income","Unconfirmed Occupied","2022-02-01",1241
"Electric","Non-Low-income","Unconfirmed Occupied","2022-03-01",1318
"Electric","Non-Low-income","Unconfirmed Occupied","2022-04-01",1182
"Electric","Non-Low-income","Unconfirmed Occupied","2022-05-01",1198
"Electric","Non-Low-income","Unconfirmed Occupied","2022-06-01",1199
"Electric","Non-Low-income","Unconfirmed Occupied","2022-07-01",1229
"Electric","Non-Low-income","Unconfirmed Occupied","2022-08-01",1220
"Electric","Non-Low-income","Unconfirmed Occupied","2022-09-01",1181
"Electric","Non-Low-income","Unconfirmed Occupied","2022-10-01",1125
"Electric","Non-Low-income","Unconfirmed Occupied","2022-11-01",1603
"Electric","Non-Low-income","Unconfirmed Occupied","2022-12-01",1353
"Electric","Non-Low-income","Unconfirmed Occupied","2023-01-01",1274
"Electric","Non-Low-income","Unconfirmed Occupied","2023-02-01",1190
"Electric","Non-Low-income","Unconfirmed Occupied","2023-03-01",1199
"Electric","Non-Low-income","Unconfirmed Occupied","2023-04-01",1182
"Electric","Non-Low-income","Unconfirmed Occupied","2023-05-01",1149
"Electric","Non-Low-income","Unconfirmed Occupied","2023-06-01",1191
"Electric","Non-Low-income","Unconfirmed Occupied","2023-07-01",1141
"Electric","Non-Low-income","Unconfirmed Occupied","2023-08-01",1112
"Electric","Non-Low-income","Unconfirmed Occupied","2023-09-01",1171
"Electric","Non-Low-income","Unconfirmed Occupied","2023-10-01",1176
"Electric","Non-Low-income","Unconfirmed Occupied","2023-11-01",1202
"Electric","Non-Low-income","Unconfirmed Occupied","2023-12-01",NA
"Electric","Senior Non-Low-income","Confirmed Occupied","2020-08-01",0
"Electric","Senior Non-Low-income","Confirmed Occupied","2020-09-01",0
"Electric","Senior Non-Low-income","Confirmed Occupied","2020-10-01",0
"Electric","Senior Non-Low-income","Confirmed Occupied","2020-11-01",0
"Electric","Senior Non-Low-income","Confirmed Occupied","2020-12-01",0
"Electric","Senior Non-Low-income","Confirmed Occupied","2021-01-01",0
"Electric","Senior Non-Low-income","Confirmed Occupied","2021-02-01",0
"Electric","Senior Non-Low-income","Confirmed Occupied","2021-03-01",0
"Electric","Senior Non-Low-income","Confirmed Occupied","2021-04-01",0
"Electric","Senior Non-Low-income","Confirmed Occupied","2021-05-01",0
"Electric","Senior Non-Low-income","Confirmed Occupied","2021-06-01",0
"Electric","Senior Non-Low-income","Confirmed Occupied","2021-07-01",0
"Electric","Senior Non-Low-income","Confirmed Occupied","2021-08-01",0
"Electric","Senior Non-Low-income","Confirmed Occupied","2021-09-01",0
"Electric","Senior Non-Low-income","Confirmed Occupied","2021-10-01",0
"Electric","Senior Non-Low-income","Confirmed Occupied","2021-11-01",0
"Electric","Senior Non-Low-income","Confirmed Occupied","2021-12-01",0
"Electric","Senior Non-Low-income","Confirmed Occupied","2022-01-01",0
"Electric","Senior Non-Low-income","Confirmed Occupied","2022-02-01",0
"Electric","Senior Non-Low-income","Confirmed Occupied","2022-03-01",0
"Electric","Senior Non-Low-income","Confirmed Occupied","2022-04-01",1
"Electric","Senior Non-Low-income","Confirmed Occupied","2022-05-01",0
"Electric","Senior Non-Low-income","Confirmed Occupied","2022-06-01",0
"Electric","Senior Non-Low-income","Confirmed Occupied","2022-07-01",0
"Electric","Senior Non-Low-income","Confirmed Occupied","2022-08-01",0
"Electric","Senior Non-Low-income","Confirmed Occupied","2022-09-01",0
"Electric","Senior Non-Low-income","Confirmed Occupied","2022-10-01",0
"Electric","Senior Non-Low-income","Confirmed Occupied","2022-11-01",1
"Electric","Senior Non-Low-income","Confirmed Occupied","2022-12-01",1
"Electric","Senior Non-Low-income","Confirmed Occupied","2023-01-01",1
"Electric","Senior Non-Low-income","Confirmed Occupied","2023-02-01",1
"Electric","Senior Non-Low-income","Confirmed Occupied","2023-03-01",1
"Electric","Senior Non-Low-income","Confirmed Occupied","2023-04-01",1
"Electric","Senior Non-Low-income","Confirmed Occupied","2023-05-01",1
"Electric","Senior Non-Low-income","Confirmed Occupied","2023-06-01",1
"Electric","Senior Non-Low-income","Confirmed Occupied","2023-07-01",1
"Electric","Senior Non-Low-income","Confirmed Occupied","2023-08-01",2
"Electric","Senior Non-Low-income","Confirmed Occupied","2023-09-01",1
"Electric","Senior Non-Low-income","Confirmed Occupied","2023-10-01",1
"Electric","Senior Non-Low-income","Confirmed Occupied","2023-11-01",1
"Electric","Senior Non-Low-income","Confirmed Occupied","2023-12-01",NA
"Electric","Senior Non-Low-income","Unconfirmed Occupied","2020-08-01",7
"Electric","Senior Non-Low-income","Unconfirmed Occupied","2020-09-01",30
"Electric","Senior Non-Low-income","Unconfirmed Occupied","2020-10-01",85
"Electric","Senior Non-Low-income","Unconfirmed Occupied","2020-11-01",86
"Electric","Senior Non-Low-income","Unconfirmed Occupied","2020-12-01",89
"Electric","Senior Non-Low-income","Unconfirmed Occupied","2021-01-01",78
"Electric","Senior Non-Low-income","Unconfirmed Occupied","2021-02-01",70
"Electric","Senior Non-Low-income","Unconfirmed Occupied","2021-03-01",80
"Electric","Senior Non-Low-income","Unconfirmed Occupied","2021-04-01",375
"Electric","Senior Non-Low-income","Unconfirmed Occupied","2021-05-01",869
"Electric","Senior Non-Low-income","Unconfirmed Occupied","2021-06-01",782
"Electric","Senior Non-Low-income","Unconfirmed Occupied","2021-07-01",508
"Electric","Senior Non-Low-income","Unconfirmed Occupied","2021-08-01",464
"Electric","Senior Non-Low-income","Unconfirmed Occupied","2021-09-01",435
"Electric","Senior Non-Low-income","Unconfirmed Occupied","2021-10-01",403
"Electric","Senior Non-Low-income","Unconfirmed Occupied","2021-11-01",362
"Electric","Senior Non-Low-income","Unconfirmed Occupied","2021-12-01",344
"Electric","Senior Non-Low-income","Unconfirmed Occupied","2022-01-01",316
"Electric","Senior Non-Low-income","Unconfirmed Occupied","2022-02-01",310
"Electric","Senior Non-Low-income","Unconfirmed Occupied","2022-03-01",293
"Electric","Senior Non-Low-income","Unconfirmed Occupied","2022-04-01",316
"Electric","Senior Non-Low-income","Unconfirmed Occupied","2022-05-01",354
"Electric","Senior Non-Low-income","Unconfirmed Occupied","2022-06-01",363
"Electric","Senior Non-Low-income","Unconfirmed Occupied","2022-07-01",375
"Electric","Senior Non-Low-income","Unconfirmed Occupied","2022-08-01",392
"Electric","Senior Non-Low-income","Unconfirmed Occupied","2022-09-01",377
"Electric","Senior Non-Low-income","Unconfirmed Occupied","2022-10-01",371
"Electric","Senior Non-Low-income","Unconfirmed Occupied","2022-11-01",349
"Electric","Senior Non-Low-income","Unconfirmed Occupied","2022-12-01",329
"Electric","Senior Non-Low-income","Unconfirmed Occupied","2023-01-01",319
"Electric","Senior Non-Low-income","Unconfirmed Occupied","2023-02-01",307
"Electric","Senior Non-Low-income","Unconfirmed Occupied","2023-03-01",298
"Electric","Senior Non-Low-income","Unconfirmed Occupied","2023-04-01",316
"Electric","Senior Non-Low-income","Unconfirmed Occupied","2023-05-01",368
"Electric","Senior Non-Low-income","Unconfirmed Occupied","2023-06-01",405
"Electric","Senior Non-Low-income","Unconfirmed Occupied","2023-07-01",397
"Electric","Senior Non-Low-income","Unconfirmed Occupied","2023-08-01",413
"Electric","Senior Non-Low-income","Unconfirmed Occupied","2023-09-01",426
"Electric","Senior Non-Low-income","Unconfirmed Occupied","2023-10-01",393
"Electric","Senior Non-Low-income","Unconfirmed Occupied","2023-11-01",374
"Electric","Senior Non-Low-income","Unconfirmed Occupied","2023-12-01",NA
"Natural Gas","Low-income","Confirmed Occupied","2020-08-01",5
"Natural Gas","Low-income","Confirmed Occupied","2020-09-01",5
"Natural Gas","Low-income","Confirmed Occupied","2020-10-01",7
"Natural Gas","Low-income","Confirmed Occupied","2020-11-01",4
"Natural Gas","Low-income","Confirmed Occupied","2020-12-01",5
"Natural Gas","Low-income","Confirmed Occupied","2021-01-01",4
"Natural Gas","Low-income","Confirmed Occupied","2021-02-01",0
"Natural Gas","Low-income","Confirmed Occupied","2021-03-01",4
"Natural Gas","Low-income","Confirmed Occupied","2021-04-01",4
"Natural Gas","Low-income","Confirmed Occupied","2021-05-01",4
"Natural Gas","Low-income","Confirmed Occupied","2021-06-01",3
"Natural Gas","Low-income","Confirmed Occupied","2021-07-01",2
"Natural Gas","Low-income","Confirmed Occupied","2021-08-01",2
"Natural Gas","Low-income","Confirmed Occupied","2021-09-01",3
"Natural Gas","Low-income","Confirmed Occupied","2021-10-01",2
"Natural Gas","Low-income","Confirmed Occupied","2021-11-01",2
"Natural Gas","Low-income","Confirmed Occupied","2021-12-01",2
"Natural Gas","Low-income","Confirmed Occupied","2022-01-01",2
"Natural Gas","Low-income","Confirmed Occupied","2022-02-01",3
"Natural Gas","Low-income","Confirmed Occupied","2022-03-01",3
"Natural Gas","Low-income","Confirmed Occupied","2022-04-01",1
"Natural Gas","Low-income","Confirmed Occupied","2022-05-01",3
"Natural Gas","Low-income","Confirmed Occupied","2022-06-01",3
"Natural Gas","Low-income","Confirmed Occupied","2022-07-01",3
"Natural Gas","Low-income","Confirmed Occupied","2022-08-01",3
"Natural Gas","Low-income","Confirmed Occupied","2022-09-01",2
"Natural Gas","Low-income","Confirmed Occupied","2022-10-01",1
"Natural Gas","Low-income","Confirmed Occupied","2022-11-01",1
"Natural Gas","Low-income","Confirmed Occupied","2022-12-01",1
"Natural Gas","Low-income","Confirmed Occupied","2023-01-01",1
"Natural Gas","Low-income","Confirmed Occupied","2023-02-01",1
"Natural Gas","Low-income","Confirmed Occupied","2023-03-01",1
"Natural Gas","Low-income","Confirmed Occupied","2023-04-01",1
"Natural Gas","Low-income","Confirmed Occupied","2023-05-01",1
"Natural Gas","Low-income","Confirmed Occupied","2023-06-01",1
"Natural Gas","Low-income","Confirmed Occupied","2023-07-01",1
"Natural Gas","Low-income","Confirmed Occupied","2023-08-01",1
"Natural Gas","Low-income","Confirmed Occupied","2023-09-01",1
"Natural Gas","Low-income","Confirmed Occupied","2023-10-01",1
"Natural Gas","Low-income","Confirmed Occupied","2023-11-01",1
"Natural Gas","Low-income","Confirmed Occupied","2023-12-01",NA
"Natural Gas","Low-income","Unconfirmed Occupied","2020-08-01",127
"Natural Gas","Low-income","Unconfirmed Occupied","2020-09-01",168
"Natural Gas","Low-income","Unconfirmed Occupied","2020-10-01",245
"Natural Gas","Low-income","Unconfirmed Occupied","2020-11-01",251
"Natural Gas","Low-income","Unconfirmed Occupied","2020-12-01",169
"Natural Gas","Low-income","Unconfirmed Occupied","2021-01-01",189
"Natural Gas","Low-income","Unconfirmed Occupied","2021-02-01",93
"Natural Gas","Low-income","Unconfirmed Occupied","2021-03-01",329
"Natural Gas","Low-income","Unconfirmed Occupied","2021-04-01",418
"Natural Gas","Low-income","Unconfirmed Occupied","2021-05-01",498
"Natural Gas","Low-income","Unconfirmed Occupied","2021-06-01",630
"Natural Gas","Low-income","Unconfirmed Occupied","2021-07-01",754
"Natural Gas","Low-income","Unconfirmed Occupied","2021-08-01",883
"Natural Gas","Low-income","Unconfirmed Occupied","2021-09-01",1082
"Natural Gas","Low-income","Unconfirmed Occupied","2021-10-01",1084
"Natural Gas","Low-income","Unconfirmed Occupied","2021-11-01",1114
"Natural Gas","Low-income","Unconfirmed Occupied","2021-12-01",1077
"Natural Gas","Low-income","Unconfirmed Occupied","2022-01-01",1041
"Natural Gas","Low-income","Unconfirmed Occupied","2022-02-01",1007
"Natural Gas","Low-income","Unconfirmed Occupied","2022-03-01",1050
"Natural Gas","Low-income","Unconfirmed Occupied","2022-04-01",1937
"Natural Gas","Low-income","Unconfirmed Occupied","2022-05-01",1301
"Natural Gas","Low-income","Unconfirmed Occupied","2022-06-01",1486
"Natural Gas","Low-income","Unconfirmed Occupied","2022-07-01",1711
"Natural Gas","Low-income","Unconfirmed Occupied","2022-08-01",1812
"Natural Gas","Low-income","Unconfirmed Occupied","2022-09-01",1706
"Natural Gas","Low-income","Unconfirmed Occupied","2022-10-01",1821
"Natural Gas","Low-income","Unconfirmed Occupied","2022-11-01",1669
"Natural Gas","Low-income","Unconfirmed Occupied","2022-12-01",1596
"Natural Gas","Low-income","Unconfirmed Occupied","2023-01-01",1664
"Natural Gas","Low-income","Unconfirmed Occupied","2023-02-01",1680
"Natural Gas","Low-income","Unconfirmed Occupied","2023-03-01",1713
"Natural Gas","Low-income","Unconfirmed Occupied","2023-04-01",1937
"Natural Gas","Low-income","Unconfirmed Occupied","2023-05-01",2031
"Natural Gas","Low-income","Unconfirmed Occupied","2023-06-01",2150
"Natural Gas","Low-income","Unconfirmed Occupied","2023-07-01",2119
"Natural Gas","Low-income","Unconfirmed Occupied","2023-08-01",2181
"Natural Gas","Low-income","Unconfirmed Occupied","2023-09-01",2066
"Natural Gas","Low-income","Unconfirmed Occupied","2023-10-01",1881
"Natural Gas","Low-income","Unconfirmed Occupied","2023-11-01",1832
"Natural Gas","Low-income","Unconfirmed Occupied","2023-12-01",NA
"Natural Gas","Non-Low-income","Confirmed Occupied","2020-08-01",51
"Natural Gas","Non-Low-income","Confirmed Occupied","2020-09-01",44
"Natural Gas","Non-Low-income","Confirmed Occupied","2020-10-01",46
"Natural Gas","Non-Low-income","Confirmed Occupied","2020-11-01",46
"Natural Gas","Non-Low-income","Confirmed Occupied","2020-12-01",41
"Natural Gas","Non-Low-income","Confirmed Occupied","2021-01-01",37
"Natural Gas","Non-Low-income","Confirmed Occupied","2021-02-01",41
"Natural Gas","Non-Low-income","Confirmed Occupied","2021-03-01",33
"Natural Gas","Non-Low-income","Confirmed Occupied","2021-04-01",33
"Natural Gas","Non-Low-income","Confirmed Occupied","2021-05-01",33
"Natural Gas","Non-Low-income","Confirmed Occupied","2021-06-01",34
"Natural Gas","Non-Low-income","Confirmed Occupied","2021-07-01",25
"Natural Gas","Non-Low-income","Confirmed Occupied","2021-08-01",25
"Natural Gas","Non-Low-income","Confirmed Occupied","2021-09-01",24
"Natural Gas","Non-Low-income","Confirmed Occupied","2021-10-01",22
"Natural Gas","Non-Low-income","Confirmed Occupied","2021-11-01",22
"Natural Gas","Non-Low-income","Confirmed Occupied","2021-12-01",21
"Natural Gas","Non-Low-income","Confirmed Occupied","2022-01-01",21
"Natural Gas","Non-Low-income","Confirmed Occupied","2022-02-01",20
"Natural Gas","Non-Low-income","Confirmed Occupied","2022-03-01",19
"Natural Gas","Non-Low-income","Confirmed Occupied","2022-04-01",15
"Natural Gas","Non-Low-income","Confirmed Occupied","2022-05-01",18
"Natural Gas","Non-Low-income","Confirmed Occupied","2022-06-01",18
"Natural Gas","Non-Low-income","Confirmed Occupied","2022-07-01",18
"Natural Gas","Non-Low-income","Confirmed Occupied","2022-08-01",16
"Natural Gas","Non-Low-income","Confirmed Occupied","2022-09-01",16
"Natural Gas","Non-Low-income","Confirmed Occupied","2022-10-01",16
"Natural Gas","Non-Low-income","Confirmed Occupied","2022-11-01",16
"Natural Gas","Non-Low-income","Confirmed Occupied","2022-12-01",15
"Natural Gas","Non-Low-income","Confirmed Occupied","2023-01-01",15
"Natural Gas","Non-Low-income","Confirmed Occupied","2023-02-01",15
"Natural Gas","Non-Low-income","Confirmed Occupied","2023-03-01",15
"Natural Gas","Non-Low-income","Confirmed Occupied","2023-04-01",15
"Natural Gas","Non-Low-income","Confirmed Occupied","2023-05-01",15
"Natural Gas","Non-Low-income","Confirmed Occupied","2023-06-01",15
"Natural Gas","Non-Low-income","Confirmed Occupied","2023-07-01",15
"Natural Gas","Non-Low-income","Confirmed Occupied","2023-08-01",15
"Natural Gas","Non-Low-income","Confirmed Occupied","2023-09-01",15
"Natural Gas","Non-Low-income","Confirmed Occupied","2023-10-01",15
"Natural Gas","Non-Low-income","Confirmed Occupied","2023-11-01",15
"Natural Gas","Non-Low-income","Confirmed Occupied","2023-12-01",NA
"Natural Gas","Non-Low-income","Unconfirmed Occupied","2020-08-01",578
"Natural Gas","Non-Low-income","Unconfirmed Occupied","2020-09-01",745
"Natural Gas","Non-Low-income","Unconfirmed Occupied","2020-10-01",865
"Natural Gas","Non-Low-income","Unconfirmed Occupied","2020-11-01",888
"Natural Gas","Non-Low-income","Unconfirmed Occupied","2020-12-01",780
"Natural Gas","Non-Low-income","Unconfirmed Occupied","2021-01-01",802
"Natural Gas","Non-Low-income","Unconfirmed Occupied","2021-02-01",1118
"Natural Gas","Non-Low-income","Unconfirmed Occupied","2021-03-01",1409
"Natural Gas","Non-Low-income","Unconfirmed Occupied","2021-04-01",1738
"Natural Gas","Non-Low-income","Unconfirmed Occupied","2021-05-01",2116
"Natural Gas","Non-Low-income","Unconfirmed Occupied","2021-06-01",2941
"Natural Gas","Non-Low-income","Unconfirmed Occupied","2021-07-01",3163
"Natural Gas","Non-Low-income","Unconfirmed Occupied","2021-08-01",3542
"Natural Gas","Non-Low-income","Unconfirmed Occupied","2021-09-01",3956
"Natural Gas","Non-Low-income","Unconfirmed Occupied","2021-10-01",3940
"Natural Gas","Non-Low-income","Unconfirmed Occupied","2021-11-01",3774
"Natural Gas","Non-Low-income","Unconfirmed Occupied","2021-12-01",3539
"Natural Gas","Non-Low-income","Unconfirmed Occupied","2022-01-01",3557
"Natural Gas","Non-Low-income","Unconfirmed Occupied","2022-02-01",3564
"Natural Gas","Non-Low-income","Unconfirmed Occupied","2022-03-01",3949
"Natural Gas","Non-Low-income","Unconfirmed Occupied","2022-04-01",4998
"Natural Gas","Non-Low-income","Unconfirmed Occupied","2022-05-01",4358
"Natural Gas","Non-Low-income","Unconfirmed Occupied","2022-06-01",4820
"Natural Gas","Non-Low-income","Unconfirmed Occupied","2022-07-01",5094
"Natural Gas","Non-Low-income","Unconfirmed Occupied","2022-08-01",5469
"Natural Gas","Non-Low-income","Unconfirmed Occupied","2022-09-01",5605
"Natural Gas","Non-Low-income","Unconfirmed Occupied","2022-10-01",5344
"Natural Gas","Non-Low-income","Unconfirmed Occupied","2022-11-01",4898
"Natural Gas","Non-Low-income","Unconfirmed Occupied","2022-12-01",4698
"Natural Gas","Non-Low-income","Unconfirmed Occupied","2023-01-01",4712
"Natural Gas","Non-Low-income","Unconfirmed Occupied","2023-02-01",4739
"Natural Gas","Non-Low-income","Unconfirmed Occupied","2023-03-01",4713
"Natural Gas","Non-Low-income","Unconfirmed Occupied","2023-04-01",4998
"Natural Gas","Non-Low-income","Unconfirmed Occupied","2023-05-01",5270
"Natural Gas","Non-Low-income","Unconfirmed Occupied","2023-06-01",5363
"Natural Gas","Non-Low-income","Unconfirmed Occupied","2023-07-01",5430
"Natural Gas","Non-Low-income","Unconfirmed Occupied","2023-08-01",4987
"Natural Gas","Non-Low-income","Unconfirmed Occupied","2023-09-01",5313
"Natural Gas","Non-Low-income","Unconfirmed Occupied","2023-10-01",5103
"Natural Gas","Non-Low-income","Unconfirmed Occupied","2023-11-01",5212
"Natural Gas","Non-Low-income","Unconfirmed Occupied","2023-12-01",NA
"Natural Gas","Senior Non-Low-income","Confirmed Occupied","2020-08-01",0
"Natural Gas","Senior Non-Low-income","Confirmed Occupied","2020-09-01",0
"Natural Gas","Senior Non-Low-income","Confirmed Occupied","2020-10-01",0
"Natural Gas","Senior Non-Low-income","Confirmed Occupied","2020-11-01",0
"Natural Gas","Senior Non-Low-income","Confirmed Occupied","2020-12-01",0
"Natural Gas","Senior Non-Low-income","Confirmed Occupied","2021-01-01",0
"Natural Gas","Senior Non-Low-income","Confirmed Occupied","2021-02-01",0
"Natural Gas","Senior Non-Low-income","Confirmed Occupied","2021-03-01",0
"Natural Gas","Senior Non-Low-income","Confirmed Occupied","2021-04-01",0
"Natural Gas","Senior Non-Low-income","Confirmed Occupied","2021-05-01",0
"Natural Gas","Senior Non-Low-income","Confirmed Occupied","2021-06-01",0
"Natural Gas","Senior Non-Low-income","Confirmed Occupied","2021-07-01",0
"Natural Gas","Senior Non-Low-income","Confirmed Occupied","2021-08-01",0
"Natural Gas","Senior Non-Low-income","Confirmed Occupied","2021-09-01",0
"Natural Gas","Senior Non-Low-income","Confirmed Occupied","2021-10-01",0
"Natural Gas","Senior Non-Low-income","Confirmed Occupied","2021-11-01",0
"Natural Gas","Senior Non-Low-income","Confirmed Occupied","2021-12-01",0
"Natural Gas","Senior Non-Low-income","Confirmed Occupied","2022-01-01",0
"Natural Gas","Senior Non-Low-income","Confirmed Occupied","2022-02-01",0
"Natural Gas","Senior Non-Low-income","Confirmed Occupied","2022-03-01",0
"Natural Gas","Senior Non-Low-income","Confirmed Occupied","2022-04-01",0
"Natural Gas","Senior Non-Low-income","Confirmed Occupied","2022-05-01",0
"Natural Gas","Senior Non-Low-income","Confirmed Occupied","2022-06-01",0
"Natural Gas","Senior Non-Low-income","Confirmed Occupied","2022-07-01",0
"Natural Gas","Senior Non-Low-income","Confirmed Occupied","2022-08-01",0
"Natural Gas","Senior Non-Low-income","Confirmed Occupied","2022-09-01",0
"Natural Gas","Senior Non-Low-income","Confirmed Occupied","2022-10-01",0
"Natural Gas","Senior Non-Low-income","Confirmed Occupied","2022-11-01",0
"Natural Gas","Senior Non-Low-income","Confirmed Occupied","2022-12-01",0
"Natural Gas","Senior Non-Low-income","Confirmed Occupied","2023-01-01",0
"Natural Gas","Senior Non-Low-income","Confirmed Occupied","2023-02-01",0
"Natural Gas","Senior Non-Low-income","Confirmed Occupied","2023-03-01",0
"Natural Gas","Senior Non-Low-income","Confirmed Occupied","2023-04-01",0
"Natural Gas","Senior Non-Low-income","Confirmed Occupied","2023-05-01",0
"Natural Gas","Senior Non-Low-income","Confirmed Occupied","2023-06-01",0
"Natural Gas","Senior Non-Low-income","Confirmed Occupied","2023-07-01",0
"Natural Gas","Senior Non-Low-income","Confirmed Occupied","2023-08-01",0
"Natural Gas","Senior Non-Low-income","Confirmed Occupied","2023-09-01",0
"Natural Gas","Senior Non-Low-income","Confirmed Occupied","2023-10-01",0
"Natural Gas","Senior Non-Low-income","Confirmed Occupied","2023-11-01",0
"Natural Gas","Senior Non-Low-income","Confirmed Occupied","2023-12-01",NA
"Natural Gas","Senior Non-Low-income","Unconfirmed Occupied","2020-08-01",9
"Natural Gas","Senior Non-Low-income","Unconfirmed Occupied","2020-09-01",85
"Natural Gas","Senior Non-Low-income","Unconfirmed Occupied","2020-10-01",228
"Natural Gas","Senior Non-Low-income","Unconfirmed Occupied","2020-11-01",231
"Natural Gas","Senior Non-Low-income","Unconfirmed Occupied","2020-12-01",186
"Natural Gas","Senior Non-Low-income","Unconfirmed Occupied","2021-01-01",172
"Natural Gas","Senior Non-Low-income","Unconfirmed Occupied","2021-02-01",151
"Natural Gas","Senior Non-Low-income","Unconfirmed Occupied","2021-03-01",167
"Natural Gas","Senior Non-Low-income","Unconfirmed Occupied","2021-04-01",208
"Natural Gas","Senior Non-Low-income","Unconfirmed Occupied","2021-05-01",443
"Natural Gas","Senior Non-Low-income","Unconfirmed Occupied","2021-06-01",778
"Natural Gas","Senior Non-Low-income","Unconfirmed Occupied","2021-07-01",804
"Natural Gas","Senior Non-Low-income","Unconfirmed Occupied","2021-08-01",892
"Natural Gas","Senior Non-Low-income","Unconfirmed Occupied","2021-09-01",1000
"Natural Gas","Senior Non-Low-income","Unconfirmed Occupied","2021-10-01",957
"Natural Gas","Senior Non-Low-income","Unconfirmed Occupied","2021-11-01",852
"Natural Gas","Senior Non-Low-income","Unconfirmed Occupied","2021-12-01",799
"Natural Gas","Senior Non-Low-income","Unconfirmed Occupied","2022-01-01",765
"Natural Gas","Senior Non-Low-income","Unconfirmed Occupied","2022-02-01",747
"Natural Gas","Senior Non-Low-income","Unconfirmed Occupied","2022-03-01",733
"Natural Gas","Senior Non-Low-income","Unconfirmed Occupied","2022-04-01",941
"Natural Gas","Senior Non-Low-income","Unconfirmed Occupied","2022-05-01",953
"Natural Gas","Senior Non-Low-income","Unconfirmed Occupied","2022-06-01",1159
"Natural Gas","Senior Non-Low-income","Unconfirmed Occupied","2022-07-01",1231
"Natural Gas","Senior Non-Low-income","Unconfirmed Occupied","2022-08-01",1296
"Natural Gas","Senior Non-Low-income","Unconfirmed Occupied","2022-09-01",1314
"Natural Gas","Senior Non-Low-income","Unconfirmed Occupied","2022-10-01",1245
"Natural Gas","Senior Non-Low-income","Unconfirmed Occupied","2022-11-01",1122
"Natural Gas","Senior Non-Low-income","Unconfirmed Occupied","2022-12-01",1063
"Natural Gas","Senior Non-Low-income","Unconfirmed Occupied","2023-01-01",1017
"Natural Gas","Senior Non-Low-income","Unconfirmed Occupied","2023-02-01",989
"Natural Gas","Senior Non-Low-income","Unconfirmed Occupied","2023-03-01",966
"Natural Gas","Senior Non-Low-income","Unconfirmed Occupied","2023-04-01",941
"Natural Gas","Senior Non-Low-income","Unconfirmed Occupied","2023-05-01",1196
"Natural Gas","Senior Non-Low-income","Unconfirmed Occupied","2023-06-01",1356
"Natural Gas","Senior Non-Low-income","Unconfirmed Occupied","2023-07-01",1411
"Natural Gas","Senior Non-Low-income","Unconfirmed Occupied","2023-08-01",1396
"Natural Gas","Senior Non-Low-income","Unconfirmed Occupied","2023-09-01",1478
"Natural Gas","Senior Non-Low-income","Unconfirmed Occupied","2023-10-01",1328
"Natural Gas","Senior Non-Low-income","Unconfirmed Occupied","2023-11-01",1268
"Natural Gas","Senior Non-Low-income","Unconfirmed Occupied","2023-12-01",NA
"Combination","Low-income","Confirmed Occupied","2020-08-01",0
"Combination","Low-income","Confirmed Occupied","2020-09-01",0
"Combination","Low-income","Confirmed Occupied","2020-10-01",1
"Combination","Low-income","Confirmed Occupied","2020-11-01",1
"Combination","Low-income","Confirmed Occupied","2020-12-01",0
"Combination","Low-income","Confirmed Occupied","2021-01-01",0
"Combination","Low-income","Confirmed Occupied","2021-02-01",0
"Combination","Low-income","Confirmed Occupied","2021-03-01",0
"Combination","Low-income","Confirmed Occupied","2021-04-01",0
"Combination","Low-income","Confirmed Occupied","2021-05-01",0
"Combination","Low-income","Confirmed Occupied","2021-06-01",0
"Combination","Low-income","Confirmed Occupied","2021-07-01",0
"Combination","Low-income","Confirmed Occupied","2021-08-01",0
"Combination","Low-income","Confirmed Occupied","2021-09-01",0
"Combination","Low-income","Confirmed Occupied","2021-10-01",0
"Combination","Low-income","Confirmed Occupied","2021-11-01",0
"Combination","Low-income","Confirmed Occupied","2021-12-01",0
"Combination","Low-income","Confirmed Occupied","2022-01-01",0
"Combination","Low-income","Confirmed Occupied","2022-02-01",0
"Combination","Low-income","Confirmed Occupied","2022-03-01",0
"Combination","Low-income","Confirmed Occupied","2022-04-01",0
"Combination","Low-income","Confirmed Occupied","2022-05-01",0
"Combination","Low-income","Confirmed Occupied","2022-06-01",0
"Combination","Low-income","Confirmed Occupied","2022-07-01",0
"Combination","Low-income","Confirmed Occupied","2022-08-01",0
"Combination","Low-income","Confirmed Occupied","2022-09-01",0
"Combination","Low-income","Confirmed Occupied","2022-10-01",0
"Combination","Low-income","Confirmed Occupied","2022-11-01",0
"Combination","Low-income","Confirmed Occupied","2022-12-01",0
"Combination","Low-income","Confirmed Occupied","2023-01-01",0
"Combination","Low-income","Confirmed Occupied","2023-02-01",0
"Combination","Low-income","Confirmed Occupied","2023-03-01",0
"Combination","Low-income","Confirmed Occupied","2023-04-01",0
"Combination","Low-income","Confirmed Occupied","2023-05-01",0
"Combination","Low-income","Confirmed Occupied","2023-06-01",0
"Combination","Low-income","Confirmed Occupied","2023-07-01",0
"Combination","Low-income","Confirmed Occupied","2023-08-01",0
"Combination","Low-income","Confirmed Occupied","2023-09-01",0
"Combination","Low-income","Confirmed Occupied","2023-10-01",0
"Combination","Low-income","Confirmed Occupied","2023-11-01",0
"Combination","Low-income","Confirmed Occupied","2023-12-01",NA
"Combination","Low-income","Unconfirmed Occupied","2020-08-01",14
"Combination","Low-income","Unconfirmed Occupied","2020-09-01",11
"Combination","Low-income","Unconfirmed Occupied","2020-10-01",13
"Combination","Low-income","Unconfirmed Occupied","2020-11-01",15
"Combination","Low-income","Unconfirmed Occupied","2020-12-01",13
"Combination","Low-income","Unconfirmed Occupied","2021-01-01",24
"Combination","Low-income","Unconfirmed Occupied","2021-02-01",12
"Combination","Low-income","Unconfirmed Occupied","2021-03-01",53
"Combination","Low-income","Unconfirmed Occupied","2021-04-01",107
"Combination","Low-income","Unconfirmed Occupied","2021-05-01",133
"Combination","Low-income","Unconfirmed Occupied","2021-06-01",98
"Combination","Low-income","Unconfirmed Occupied","2021-07-01",79
"Combination","Low-income","Unconfirmed Occupied","2021-08-01",73
"Combination","Low-income","Unconfirmed Occupied","2021-09-01",69
"Combination","Low-income","Unconfirmed Occupied","2021-10-01",48
"Combination","Low-income","Unconfirmed Occupied","2021-11-01",39
"Combination","Low-income","Unconfirmed Occupied","2021-12-01",32
"Combination","Low-income","Unconfirmed Occupied","2022-01-01",23
"Combination","Low-income","Unconfirmed Occupied","2022-02-01",19
"Combination","Low-income","Unconfirmed Occupied","2022-03-01",18
"Combination","Low-income","Unconfirmed Occupied","2022-04-01",55
"Combination","Low-income","Unconfirmed Occupied","2022-05-01",18
"Combination","Low-income","Unconfirmed Occupied","2022-06-01",26
"Combination","Low-income","Unconfirmed Occupied","2022-07-01",29
"Combination","Low-income","Unconfirmed Occupied","2022-08-01",24
"Combination","Low-income","Unconfirmed Occupied","2022-09-01",18
"Combination","Low-income","Unconfirmed Occupied","2022-10-01",25
"Combination","Low-income","Unconfirmed Occupied","2022-11-01",40
"Combination","Low-income","Unconfirmed Occupied","2022-12-01",65
"Combination","Low-income","Unconfirmed Occupied","2023-01-01",63
"Combination","Low-income","Unconfirmed Occupied","2023-02-01",61
"Combination","Low-income","Unconfirmed Occupied","2023-03-01",53
"Combination","Low-income","Unconfirmed Occupied","2023-04-01",55
"Combination","Low-income","Unconfirmed Occupied","2023-05-01",60
"Combination","Low-income","Unconfirmed Occupied","2023-06-01",61
"Combination","Low-income","Unconfirmed Occupied","2023-07-01",58
"Combination","Low-income","Unconfirmed Occupied","2023-08-01",67
"Combination","Low-income","Unconfirmed Occupied","2023-09-01",60
"Combination","Low-income","Unconfirmed Occupied","2023-10-01",49
"Combination","Low-income","Unconfirmed Occupied","2023-11-01",45
"Combination","Low-income","Unconfirmed Occupied","2023-12-01",NA
"Combination","Non-Low-income","Confirmed Occupied","2020-08-01",4
"Combination","Non-Low-income","Confirmed Occupied","2020-09-01",4
"Combination","Non-Low-income","Confirmed Occupied","2020-10-01",6
"Combination","Non-Low-income","Confirmed Occupied","2020-11-01",5
"Combination","Non-Low-income","Confirmed Occupied","2020-12-01",4
"Combination","Non-Low-income","Confirmed Occupied","2021-01-01",3
"Combination","Non-Low-income","Confirmed Occupied","2021-02-01",3
"Combination","Non-Low-income","Confirmed Occupied","2021-03-01",3
"Combination","Non-Low-income","Confirmed Occupied","2021-04-01",3
"Combination","Non-Low-income","Confirmed Occupied","2021-05-01",3
"Combination","Non-Low-income","Confirmed Occupied","2021-06-01",3
"Combination","Non-Low-income","Confirmed Occupied","2021-07-01",2
"Combination","Non-Low-income","Confirmed Occupied","2021-08-01",2
"Combination","Non-Low-income","Confirmed Occupied","2021-09-01",2
"Combination","Non-Low-income","Confirmed Occupied","2021-10-01",2
"Combination","Non-Low-income","Confirmed Occupied","2021-11-01",2
"Combination","Non-Low-income","Confirmed Occupied","2021-12-01",2
"Combination","Non-Low-income","Confirmed Occupied","2022-01-01",2
"Combination","Non-Low-income","Confirmed Occupied","2022-02-01",2
"Combination","Non-Low-income","Confirmed Occupied","2022-03-01",2
"Combination","Non-Low-income","Confirmed Occupied","2022-04-01",2
"Combination","Non-Low-income","Confirmed Occupied","2022-05-01",2
"Combination","Non-Low-income","Confirmed Occupied","2022-06-01",2
"Combination","Non-Low-income","Confirmed Occupied","2022-07-01",2
"Combination","Non-Low-income","Confirmed Occupied","2022-08-01",2
"Combination","Non-Low-income","Confirmed Occupied","2022-09-01",2
"Combination","Non-Low-income","Confirmed Occupied","2022-10-01",2
"Combination","Non-Low-income","Confirmed Occupied","2022-11-01",2
"Combination","Non-Low-income","Confirmed Occupied","2022-12-01",2
"Combination","Non-Low-income","Confirmed Occupied","2023-01-01",2
"Combination","Non-Low-income","Confirmed Occupied","2023-02-01",2
"Combination","Non-Low-income","Confirmed Occupied","2023-03-01",2
"Combination","Non-Low-income","Confirmed Occupied","2023-04-01",2
"Combination","Non-Low-income","Confirmed Occupied","2023-05-01",2
"Combination","Non-Low-income","Confirmed Occupied","2023-06-01",2
"Combination","Non-Low-income","Confirmed Occupied","2023-07-01",2
"Combination","Non-Low-income","Confirmed Occupied","2023-08-01",2
"Combination","Non-Low-income","Confirmed Occupied","2023-09-01",2
"Combination","Non-Low-income","Confirmed Occupied","2023-10-01",2
"Combination","Non-Low-income","Confirmed Occupied","2023-11-01",2
"Combination","Non-Low-income","Confirmed Occupied","2023-12-01",NA
"Combination","Non-Low-income","Unconfirmed Occupied","2020-08-01",77
"Combination","Non-Low-income","Unconfirmed Occupied","2020-09-01",61
"Combination","Non-Low-income","Unconfirmed Occupied","2020-10-01",87
"Combination","Non-Low-income","Unconfirmed Occupied","2020-11-01",78
"Combination","Non-Low-income","Unconfirmed Occupied","2020-12-01",71
"Combination","Non-Low-income","Unconfirmed Occupied","2021-01-01",101
"Combination","Non-Low-income","Unconfirmed Occupied","2021-02-01",183
"Combination","Non-Low-income","Unconfirmed Occupied","2021-03-01",238
"Combination","Non-Low-income","Unconfirmed Occupied","2021-04-01",420
"Combination","Non-Low-income","Unconfirmed Occupied","2021-05-01",494
"Combination","Non-Low-income","Unconfirmed Occupied","2021-06-01",465
"Combination","Non-Low-income","Unconfirmed Occupied","2021-07-01",367
"Combination","Non-Low-income","Unconfirmed Occupied","2021-08-01",336
"Combination","Non-Low-income","Unconfirmed Occupied","2021-09-01",322
"Combination","Non-Low-income","Unconfirmed Occupied","2021-10-01",292
"Combination","Non-Low-income","Unconfirmed Occupied","2021-11-01",261
"Combination","Non-Low-income","Unconfirmed Occupied","2021-12-01",236
"Combination","Non-Low-income","Unconfirmed Occupied","2022-01-01",224
"Combination","Non-Low-income","Unconfirmed Occupied","2022-02-01",217
"Combination","Non-Low-income","Unconfirmed Occupied","2022-03-01",210
"Combination","Non-Low-income","Unconfirmed Occupied","2022-04-01",248
"Combination","Non-Low-income","Unconfirmed Occupied","2022-05-01",203
"Combination","Non-Low-income","Unconfirmed Occupied","2022-06-01",213
"Combination","Non-Low-income","Unconfirmed Occupied","2022-07-01",212
"Combination","Non-Low-income","Unconfirmed Occupied","2022-08-01",216
"Combination","Non-Low-income","Unconfirmed Occupied","2022-09-01",207
"Combination","Non-Low-income","Unconfirmed Occupied","2022-10-01",187
"Combination","Non-Low-income","Unconfirmed Occupied","2022-11-01",227
"Combination","Non-Low-income","Unconfirmed Occupied","2022-12-01",250
"Combination","Non-Low-income","Unconfirmed Occupied","2023-01-01",256
"Combination","Non-Low-income","Unconfirmed Occupied","2023-02-01",242
"Combination","Non-Low-income","Unconfirmed Occupied","2023-03-01",232
"Combination","Non-Low-income","Unconfirmed Occupied","2023-04-01",248
"Combination","Non-Low-income","Unconfirmed Occupied","2023-05-01",265
"Combination","Non-Low-income","Unconfirmed Occupied","2023-06-01",274
"Combination","Non-Low-income","Unconfirmed Occupied","2023-07-01",281
"Combination","Non-Low-income","Unconfirmed Occupied","2023-08-01",266
"Combination","Non-Low-income","Unconfirmed Occupied","2023-09-01",290
"Combination","Non-Low-income","Unconfirmed Occupied","2023-10-01",282
"Combination","Non-Low-income","Unconfirmed Occupied","2023-11-01",278
"Combination","Non-Low-income","Unconfirmed Occupied","2023-12-01",NA
"Combination","Senior Non-Low-income","Confirmed Occupied","2020-08-01",0
"Combination","Senior Non-Low-income","Confirmed Occupied","2020-09-01",0
"Combination","Senior Non-Low-income","Confirmed Occupied","2020-10-01",0
"Combination","Senior Non-Low-income","Confirmed Occupied","2020-11-01",0
"Combination","Senior Non-Low-income","Confirmed Occupied","2020-12-01",0
"Combination","Senior Non-Low-income","Confirmed Occupied","2021-01-01",0
"Combination","Senior Non-Low-income","Confirmed Occupied","2021-02-01",0
"Combination","Senior Non-Low-income","Confirmed Occupied","2021-03-01",0
"Combination","Senior Non-Low-income","Confirmed Occupied","2021-04-01",0
"Combination","Senior Non-Low-income","Confirmed Occupied","2021-05-01",0
"Combination","Senior Non-Low-income","Confirmed Occupied","2021-06-01",0
"Combination","Senior Non-Low-income","Confirmed Occupied","2021-07-01",0
"Combination","Senior Non-Low-income","Confirmed Occupied","2021-08-01",0
"Combination","Senior Non-Low-income","Confirmed Occupied","2021-09-01",0
"Combination","Senior Non-Low-income","Confirmed Occupied","2021-10-01",0
"Combination","Senior Non-Low-income","Confirmed Occupied","2021-11-01",0
"Combination","Senior Non-Low-income","Confirmed Occupied","2021-12-01",0
"Combination","Senior Non-Low-income","Confirmed Occupied","2022-01-01",0
"Combination","Senior Non-Low-income","Confirmed Occupied","2022-02-01",0
"Combination","Senior Non-Low-income","Confirmed Occupied","2022-03-01",0
"Combination","Senior Non-Low-income","Confirmed Occupied","2022-04-01",0
"Combination","Senior Non-Low-income","Confirmed Occupied","2022-05-01",0
"Combination","Senior Non-Low-income","Confirmed Occupied","2022-06-01",0
"Combination","Senior Non-Low-income","Confirmed Occupied","2022-07-01",0
"Combination","Senior Non-Low-income","Confirmed Occupied","2022-08-01",0
"Combination","Senior Non-Low-income","Confirmed Occupied","2022-09-01",0
"Combination","Senior Non-Low-income","Confirmed Occupied","2022-10-01",0
"Combination","Senior Non-Low-income","Confirmed Occupied","2022-11-01",0
"Combination","Senior Non-Low-income","Confirmed Occupied","2022-12-01",0
"Combination","Senior Non-Low-income","Confirmed Occupied","2023-01-01",0
"Combination","Senior Non-Low-income","Confirmed Occupied","2023-02-01",0
"Combination","Senior Non-Low-income","Confirmed Occupied","2023-03-01",0
"Combination","Senior Non-Low-income","Confirmed Occupied","2023-04-01",0
"Combination","Senior Non-Low-income","Confirmed Occupied","2023-05-01",0
"Combination","Senior Non-Low-income","Confirmed Occupied","2023-06-01",0
"Combination","Senior Non-Low-income","Confirmed Occupied","2023-07-01",0
"Combination","Senior Non-Low-income","Confirmed Occupied","2023-08-01",0
"Combination","Senior Non-Low-income","Confirmed Occupied","2023-09-01",0
"Combination","Senior Non-Low-income","Confirmed Occupied","2023-10-01",0
"Combination","Senior Non-Low-income","Confirmed Occupied","2023-11-01",0
"Combination","Senior Non-Low-income","Confirmed Occupied","2023-12-01",NA
"Combination","Senior Non-Low-income","Unconfirmed Occupied","2020-08-01",1
"Combination","Senior Non-Low-income","Unconfirmed Occupied","2020-09-01",2
"Combination","Senior Non-Low-income","Unconfirmed Occupied","2020-10-01",15
"Combination","Senior Non-Low-income","Unconfirmed Occupied","2020-11-01",16
"Combination","Senior Non-Low-income","Unconfirmed Occupied","2020-12-01",12
"Combination","Senior Non-Low-income","Unconfirmed Occupied","2021-01-01",9
"Combination","Senior Non-Low-income","Unconfirmed Occupied","2021-02-01",9
"Combination","Senior Non-Low-income","Unconfirmed Occupied","2021-03-01",12
"Combination","Senior Non-Low-income","Unconfirmed Occupied","2021-04-01",13
"Combination","Senior Non-Low-income","Unconfirmed Occupied","2021-05-01",100
"Combination","Senior Non-Low-income","Unconfirmed Occupied","2021-06-01",99
"Combination","Senior Non-Low-income","Unconfirmed Occupied","2021-07-01",184
"Combination","Senior Non-Low-income","Unconfirmed Occupied","2021-08-01",169
"Combination","Senior Non-Low-income","Unconfirmed Occupied","2021-09-01",171
"Combination","Senior Non-Low-income","Unconfirmed Occupied","2021-10-01",150
"Combination","Senior Non-Low-income","Unconfirmed Occupied","2021-11-01",126
"Combination","Senior Non-Low-income","Unconfirmed Occupied","2021-12-01",111
"Combination","Senior Non-Low-income","Unconfirmed Occupied","2022-01-01",100
"Combination","Senior Non-Low-income","Unconfirmed Occupied","2022-02-01",97
"Combination","Senior Non-Low-income","Unconfirmed Occupied","2022-03-01",93
"Combination","Senior Non-Low-income","Unconfirmed Occupied","2022-04-01",68
"Combination","Senior Non-Low-income","Unconfirmed Occupied","2022-05-01",98
"Combination","Senior Non-Low-income","Unconfirmed Occupied","2022-06-01",109
"Combination","Senior Non-Low-income","Unconfirmed Occupied","2022-07-01",113
"Combination","Senior Non-Low-income","Unconfirmed Occupied","2022-08-01",107
"Combination","Senior Non-Low-income","Unconfirmed Occupied","2022-09-01",107
"Combination","Senior Non-Low-income","Unconfirmed Occupied","2022-10-01",98
"Combination","Senior Non-Low-income","Unconfirmed Occupied","2022-11-01",85
"Combination","Senior Non-Low-income","Unconfirmed Occupied","2022-12-01",79
"Combination","Senior Non-Low-income","Unconfirmed Occupied","2023-01-01",72
"Combination","Senior Non-Low-income","Unconfirmed Occupied","2023-02-01",69
"Combination","Senior Non-Low-income","Unconfirmed Occupied","2023-03-01",70
"Combination","Senior Non-Low-income","Unconfirmed Occupied","2023-04-01",68
"Combination","Senior Non-Low-income","Unconfirmed Occupied","2023-05-01",96
"Combination","Senior Non-Low-income","Unconfirmed Occupied","2023-06-01",106
"Combination","Senior Non-Low-income","Unconfirmed Occupied","2023-07-01",102
"Combination","Senior Non-Low-income","Unconfirmed Occupied","2023-08-01",103
"Combination","Senior Non-Low-income","Unconfirmed Occupied","2023-09-01",105
"Combination","Senior Non-Low-income","Unconfirmed Occupied","2023-10-01",93
"Combination","Senior Non-Low-income","Unconfirmed Occupied","2023-11-01",88
"Combination","Senior Non-Low-income","Unconfirmed Occupied","2023-12-01",NA
