"utility","date","disconnections"
"Electric",2020-01-01,19907
"Electric",2020-02-01,19339
"Electric",2020-03-01,11898
"Natural Gas",2020-01-01,618
"Natural Gas",2020-02-01,1121
"Natural Gas",2020-03-01,1003
"Electric",2020-04-01,NA
"Electric",2020-05-01,NA
"Electric",2020-06-01,NA
"Natural Gas",2020-04-01,NA
"Natural Gas",2020-05-01,NA
"Natural Gas",2020-06-01,NA
"Electric",2020-07-01,507
"Electric",2020-08-01,3642
"Electric",2020-09-01,9997
"Natural Gas",2020-07-01,0
"Natural Gas",2020-08-01,0
"Natural Gas",2020-09-01,639
"Electric",2020-10-01,14392
"Electric",2020-11-01,672
"Electric",2020-12-01,252
"Natural Gas",2020-10-01,928
"Natural Gas",2020-11-01,142
"Natural Gas",2020-12-01,1
"Electric",2021-01-01,10049
"Electric",2021-02-01,9818
"Electric",2021-03-01,22977
"Natural Gas",2021-01-01,366
"Natural Gas",2021-02-01,1197
"Natural Gas",2021-03-01,2129
"Electric",2021-04-01,19017
"Electric",2021-05-01,21860
"Electric",2021-06-01,18485
"Natural Gas",2021-04-01,1899
"Natural Gas",2021-05-01,1877
"Natural Gas",2021-06-01,2274
"Electric",2021-07-01,13180
"Electric",2021-08-01,9148
"Electric",2021-09-01,15606
"Natural Gas",2021-07-01,1881
"Natural Gas",2021-08-01,1785
"Natural Gas",2021-09-01,2218
"Electric",2021-10-01,7020
"Electric",2021-11-01,17270
"Electric",2021-12-01,13757
"Natural Gas",2021-10-01,1660
"Natural Gas",2021-11-01,931
"Natural Gas",2021-12-01,487
"Electric",2022-01-01,17365
"Electric",2022-02-01,19243
"Electric",2022-03-01,22132
"Natural Gas",2022-01-01,812
"Natural Gas",2022-02-01,1157
"Natural Gas",2022-03-01,2659
"Electric",2022-04-01,19431
"Electric",2022-05-01,20641
"Electric",2022-06-01,19887
"Natural Gas",2022-04-01,1450
"Natural Gas",2022-05-01,1911
"Natural Gas",2022-06-01,2118
"Electric",2022-07-01,18108
"Electric",2022-08-01,20476
"Electric",2022-09-01,19640
"Natural Gas",2022-07-01,2071
"Natural Gas",2022-08-01,2075
"Natural Gas",2022-09-01,1600
"Electric",2022-10-01,14515
"Electric",2022-11-01,13359
"Electric",2022-12-01,9183
"Natural Gas",2022-10-01,1417
"Natural Gas",2022-11-01,421
"Natural Gas",2022-12-01,525
"Electric",2023-01-01,18129
"Electric",2023-02-01,8083
"Electric",2023-03-01,15618
"Natural Gas",2023-01-01,852
"Natural Gas",2023-02-01,965
"Natural Gas",2023-03-01,745
"Electric",2023-04-01,17725
"Electric",2023-05-01,13247
"Electric",2023-06-01,21450
"Natural Gas",2023-04-01,1555
"Natural Gas",2023-05-01,1674
"Natural Gas",2023-06-01,1358
"Electric",2023-07-01,18841
"Electric",2023-08-01,19887
"Electric",2023-09-01,19451
"Natural Gas",2023-07-01,828
"Natural Gas",2023-08-01,503
"Natural Gas",2023-09-01,1217
"Electric",2023-10-01,18027
"Electric",2023-11-01,14285
"Electric",2023-12-01,6362
"Natural Gas",2023-10-01,855
"Natural Gas",2023-11-01,930
"Natural Gas",2023-12-01,389
