"utility","date","restorations"
"Electric",2020-01-01,14812
"Electric",2020-02-01,16180
"Electric",2020-03-01,10666
"Natural Gas",2020-01-01,393
"Natural Gas",2020-02-01,609
"Natural Gas",2020-03-01,718
"Electric",2020-04-01,389
"Electric",2020-05-01,265
"Electric",2020-06-01,158
"Natural Gas",2020-04-01,145
"Natural Gas",2020-05-01,71
"Natural Gas",2020-06-01,41
"Electric",2020-07-01,458
"Electric",2020-08-01,3163
"Electric",2020-09-01,6891
"Natural Gas",2020-07-01,33
"Natural Gas",2020-08-01,49
"Natural Gas",2020-09-01,160
"Electric",2020-10-01,11692
"Electric",2020-11-01,1002
"Electric",2020-12-01,360
"Natural Gas",2020-10-01,368
"Natural Gas",2020-11-01,166
"Natural Gas",2020-12-01,73
"Electric",2021-01-01,7686
"Electric",2021-02-01,8004
"Electric",2021-03-01,19585
"Natural Gas",2021-01-01,134
"Natural Gas",2021-02-01,683
"Natural Gas",2021-03-01,1025
"Electric",2021-04-01,16293
"Electric",2021-05-01,17951
"Electric",2021-06-01,15997
"Natural Gas",2021-04-01,844
"Natural Gas",2021-05-01,608
"Natural Gas",2021-06-01,626
"Electric",2021-07-01,11044
"Electric",2021-08-01,7847
"Electric",2021-09-01,12996
"Natural Gas",2021-07-01,549
"Natural Gas",2021-08-01,657
"Natural Gas",2021-09-01,792
"Electric",2021-10-01,6050
"Electric",2021-11-01,14574
"Electric",2021-12-01,12034
"Natural Gas",2021-10-01,840
"Natural Gas",2021-11-01,463
"Natural Gas",2021-12-01,320
"Electric",2022-01-01,14779
"Electric",2022-02-01,16780
"Electric",2022-03-01,18894
"Natural Gas",2022-01-01,303
"Natural Gas",2022-02-01,693
"Natural Gas",2022-03-01,1692
"Electric",2022-04-01,16622
"Electric",2022-05-01,16734
"Electric",2022-06-01,16436
"Natural Gas",2022-04-01,786
"Natural Gas",2022-05-01,769
"Natural Gas",2022-06-01,608
"Electric",2022-07-01,14772
"Electric",2022-08-01,17251
"Electric",2022-09-01,15995
"Natural Gas",2022-07-01,658
"Natural Gas",2022-08-01,817
"Natural Gas",2022-09-01,607
"Electric",2022-10-01,12136
"Electric",2022-11-01,11176
"Electric",2022-12-01,8116
"Natural Gas",2022-10-01,636
"Natural Gas",2022-11-01,125
"Natural Gas",2022-12-01,129
"Electric",2023-01-01,14441
"Electric",2023-02-01,6340
"Electric",2023-03-01,12034
"Natural Gas",2023-01-01,201
"Natural Gas",2023-02-01,351
"Natural Gas",2023-03-01,300
"Electric",2023-04-01,13897
"Electric",2023-05-01,9693
"Electric",2023-06-01,16377
"Natural Gas",2023-04-01,407
"Natural Gas",2023-05-01,327
"Natural Gas",2023-06-01,225
"Electric",2023-07-01,15798
"Electric",2023-08-01,16082
"Electric",2023-09-01,15870
"Natural Gas",2023-07-01,100
"Natural Gas",2023-08-01,62
"Natural Gas",2023-09-01,101
"Electric",2023-10-01,15128
"Electric",2023-11-01,12303
"Electric",2023-12-01,6109
"Natural Gas",2023-10-01,152
"Natural Gas",2023-11-01,206
"Natural Gas",2023-12-01,129
