"majority_bipoc","energy_burden_class","energy_burden_group","n","burden","percent_hh"
"Majority
BIPOC
Census Tracts","Inexpensive","0-3%",135439,2.17135389363477,31.9021540708288
"Majority
BIPOC
Census Tracts","Affordable","3-6%",109879,4.99613210895622,25.8815908796476
"Majority
BIPOC
Census Tracts","Moderately Unaffordable","6-9%",49602,7.80643925648159,11.6835671130269
"Majority
BIPOC
Census Tracts","High","9-12%",30773,11.1663796184967,7.24846600478159
"Majority
BIPOC
Census Tracts","Severe","12-15%",21364,13.9036697247706,5.03221095525798
"Majority
BIPOC
Census Tracts","Extreme","15-20%",17417,17.7343974278004,4.10250974572778
"Majority
BIPOC
Census Tracts","Catastrophic","20%+",60071,31.4611376537764,14.1495012307294
"Majority White
(Not Hispanic)
Census Tracts","Inexpensive","0-3%",1209708,1.90358747730857,59.8214713996708
"Majority White
(Not Hispanic)
Census Tracts","Affordable","3-6%",453146,4.53714034770251,22.408598173175
"Majority White
(Not Hispanic)
Census Tracts","Moderately Unaffordable","6-9%",139337,7.78635251225446,6.8903771492095
"Majority White
(Not Hispanic)
Census Tracts","High","9-12%",56900,10.9160808435852,2.81377135857683
"Majority White
(Not Hispanic)
Census Tracts","Severe","12-15%",37081,14.0590868638926,1.83369869503317
"Majority White
(Not Hispanic)
Census Tracts","Extreme","15-20%",60836,17.9187158919061,3.00841114886433
"Majority White
(Not Hispanic)
Census Tracts","Catastrophic","20%+",65189,26.6240623418061,3.22367207547039
